{
    "name": "root",
    "metadata": {
        "timer_format_version": "0.1.0",
        "start_time_seconds": "1747738464",
        "python_version": "3.10.12 | packaged by conda-forge | (main, Jun 23 2023, 22:41:52) [Clang 15.0.7 ]",
        "command_line_arguments": "/opt/miniconda3/envs/mlagents31012/bin/mlagents-learn player_config.yaml --run-id=run26",
        "mlagents_version": "1.1.0",
        "mlagents_envs_version": "1.1.0",
        "communication_protocol_version": "1.5.0",
        "pytorch_version": "2.1.1",
        "numpy_version": "1.23.5",
        "end_time_seconds": "1747738500"
    },
    "total": 36.128228541929275,
    "count": 1,
    "self": 0.003844416933134198,
    "children": {
        "run_training.setup": {
            "total": 0.02128195797558874,
            "count": 1,
            "self": 0.02128195797558874
        },
        "TrainerController.start_learning": {
            "total": 36.10310216702055,
            "count": 1,
            "self": 0.0037615419132634997,
            "children": {
                "TrainerController._reset_env": {
                    "total": 8.138649708009325,
                    "count": 1,
                    "self": 8.138649708009325
                },
                "TrainerController.advance": {
                    "total": 27.885153500013985,
                    "count": 357,
                    "self": 0.003150756238028407,
                    "children": {
                        "env_step": {
                            "total": 27.868132798699662,
                            "count": 357,
                            "self": 27.677036210428923,
                            "children": {
                                "SubprocessEnvManager._take_step": {
                                    "total": 0.18904775916598737,
                                    "count": 357,
                                    "self": 0.005815624841488898,
                                    "children": {
                                        "TorchPolicy.evaluate": {
                                            "total": 0.18323213432449847,
                                            "count": 357,
                                            "self": 0.18323213432449847
                                        }
                                    }
                                },
                                "workers": {
                                    "total": 0.0020488291047513485,
                                    "count": 356,
                                    "self": 0.0,
                                    "children": {
                                        "worker_root": {
                                            "total": 24.673903956077993,
                                            "count": 356,
                                            "is_parallel": true,
                                            "self": 0.5696507518878207,
                                            "children": {
                                                "steps_from_proto": {
                                                    "total": 0.0016510419081896544,
                                                    "count": 1,
                                                    "is_parallel": true,
                                                    "self": 0.0008035000646486878,
                                                    "children": {
                                                        "_process_rank_one_or_two_observation": {
                                                            "total": 0.0008475418435409665,
                                                            "count": 2,
                                                            "is_parallel": true,
                                                            "self": 0.0008475418435409665
                                                        }
                                                    }
                                                },
                                                "UnityEnvironment.step": {
                                                    "total": 24.102602162281983,
                                                    "count": 356,
                                                    "is_parallel": true,
                                                    "self": 0.009097376023419201,
                                                    "children": {
                                                        "UnityEnvironment._generate_step_input": {
                                                            "total": 0.020750834490172565,
                                                            "count": 356,
                                                            "is_parallel": true,
                                                            "self": 0.020750834490172565
                                                        },
                                                        "communicator.exchange": {
                                                            "total": 24.03741420956794,
                                                            "count": 356,
                                                            "is_parallel": true,
                                                            "self": 24.03741420956794
                                                        },
                                                        "steps_from_proto": {
                                                            "total": 0.03533974220044911,
                                                            "count": 356,
                                                            "is_parallel": true,
                                                            "self": 0.021824407391250134,
                                                            "children": {
                                                                "_process_rank_one_or_two_observation": {
                                                                    "total": 0.013515334809198976,
                                                                    "count": 712,
                                                                    "is_parallel": true,
                                                                    "self": 0.013515334809198976
                                                                }
                                                            }
                                                        }
                                                    }
                                                }
                                            }
                                        }
                                    }
                                }
                            }
                        },
                        "trainer_advance": {
                            "total": 0.013869945076294243,
                            "count": 356,
                            "self": 0.003076569875702262,
                            "children": {
                                "process_trajectory": {
                                    "total": 0.010793375200591981,
                                    "count": 356,
                                    "self": 0.010793375200591981
                                }
                            }
                        }
                    }
                },
                "trainer_threads": {
                    "total": 2.250075340270996e-06,
                    "count": 1,
                    "self": 2.250075340270996e-06
                },
                "TrainerController._save_models": {
                    "total": 0.07553516700863838,
                    "count": 1,
                    "self": 0.0007953339954838157,