{
    "name": "root",
    "metadata": {
        "timer_format_version": "0.1.0",
        "start_time_seconds": "1747685080",
        "python_version": "3.10.12 | packaged by conda-forge | (main, Jun 23 2023, 22:41:52) [Clang 15.0.7 ]",
        "command_line_arguments": "/opt/miniconda3/envs/mlagents31012/bin/mlagents-learn /Users/efe/Documents/TEA TEST ML/player_config.yaml --run-id=run03",
        "mlagents_version": "1.1.0",
        "mlagents_envs_version": "1.1.0",
        "communication_protocol_version": "1.5.0",
        "pytorch_version": "2.1.1",
        "numpy_version": "1.23.5",
        "end_time_seconds": "1747685167"
    },
    "total": 87.73985133308452,
    "count": 1,
    "self": 0.0038946671411395073,
    "children": {
        "run_training.setup": {
            "total": 0.016329500009305775,
            "count": 1,
            "self": 0.016329500009305775
        },
        "TrainerController.start_learning": {
            "total": 87.71962716593407,
            "count": 1,
            "self": 0.0004664580337703228,
            "children": {
                "TrainerController._reset_env": {
                    "total": 9.161129040992819,
                    "count": 1,
                    "self": 9.161129040992819
                },
                "TrainerController.advance": {
                    "total": 78.48551074997522,
                    "count": 1,
                    "self": 0.00018216692842543125,
                    "children": {
                        "env_step": {
                            "total": 78.4853285830468,
                            "count": 1,
                            "self": 78.48532616603188,
                            "children": {
                                "SubprocessEnvManager._take_step": {
                                    "total": 2.4170149117708206e-06,
                                    "count": 1,
                                    "self": 2.4170149117708206e-06
                                }
                            }
                        }
                    }
                },
                "TrainerController._save_models": {
                    "total": 0.07252091693226248,
                    "count": 1,
                    "self": 0.0004915839526802301,
                    "children": {
                        "RLTrainer._checkpoint": {
                            "total": 0.07202933297958225,
                            "count": 1,
                            "self": 0.07202933297958225
                        }
                    }
                }
            }
        }
    }
}